<?xml version="1.0" encoding="UTF-8"?>
<project-private xmlns="http://www.netbeans.org/ns/project-private/1">
    <editor-bookmarks xmlns="http://www.netbeans.org/ns/editor-bookmarks/2" lastBookmarkId="0"/>
    <open-files xmlns="http://www.netbeans.org/ns/projectui-open-files/2">
        <group>
            <file>file:/root/NetBeansProjects/it2020/securejsf-jwt/EnterpriseSecureJSF/EnterpriseSecureJSF-war/web/Login.xhtml</file>
            <file>file:/root/NetBeansProjects/it2020/securejsf-jwt/EnterpriseSecureJSF/EnterpriseSecureJSF-war/src/java/jwtrest/JWTAuthenticationMechanism.java</file>
            <file>file:/root/NetBeansProjects/it2020/securejsf-jwt/EnterpriseSecureJSF/EnterpriseSecureJSF-war/web/users/UserPage.xhtml</file>
            <file>file:/root/NetBeansProjects/it2020/securejsf-jwt/EnterpriseSecureJSF/EnterpriseSecureJSF-war/web/Error.xhtml</file>
            <file>file:/root/NetBeansProjects/it2020/securejsf-jwt/EnterpriseSecureJSF/EnterpriseSecureJSF-war/src/java/beans/LoginBean.java</file>
            <file>file:/root/NetBeansProjects/it2020/securejsf-jwt/EnterpriseSecureJSF/EnterpriseSecureJSF-war/web/users/Register.xhtml</file>
            <file>file:/root/NetBeansProjects/it2020/securejsf-jwt/EnterpriseSecureJSF/EnterpriseSecureJSF-war/src/java/beans/AppListener.java</file>
            <file>file:/root/NetBeansProjects/it2020/securejsf-jwt/EnterpriseSecureJSF/EnterpriseSecureJSF-war/web/WEB-INF/web.xml</file>
            <file>file:/root/NetBeansProjects/it2020/securejsf-jwt/EnterpriseSecureJSF/EnterpriseSecureJSF-war/web/WEB-INF/faces-config.xml</file>
            <file>file:/root/NetBeansProjects/it2020/securejsf-jwt/EnterpriseSecureJSF/EnterpriseSecureJSF-war/src/java/rest/BookResource.java</file>
        </group>
    </open-files>
</project-private>
